Person ID, Status code, Note
77860786, 200, {'success': True}
79843554, 200, {'success': True}
84754010, 200, {'success': True}
84754015, 200, {'success': True}
84754018, 200, {'success': True}
84754019, 200, {'success': True}
84754022, 200, {'success': True}
84754024, 200, {'success': True}
84754032, 200, {'success': True}
84754035, 200, {'success': True}
84754038, 200, {'success': True}
84754042, 200, {'success': True}
84754044, 200, {'success': True}
84754047, 200, {'success': True}
84754051, 200, {'success': True}
84754057, 200, {'success': True}
84754060, 200, {'success': True}
84754064, 200, {'success': True}
84754066, 200, {'success': True}
84754067, 200, {'success': True}
84754069, 200, {'success': True}
84754070, 200, {'success': True}
84754071, 200, {'success': True}
84754072, 200, {'success': True}
84754075, 200, {'success': True}
84754076, 200, {'success': True}
84754077, 200, {'success': True}
84754078, 200, {'success': True}
84754079, 200, {'success': True}
84754081, 200, {'success': True}
84754082, 200, {'success': True}
84754083, 200, {'success': True}
84754085, 200, {'success': True}
84754086, 200, {'success': True}
84754089, 200, {'success': True}
84754092, 200, {'success': True}
84754093, 200, {'success': True}
84754096, 200, {'success': True}
84754097, 200, {'success': True}
84754098, 200, {'success': True}
84754100, 200, {'success': True}
84754104, 200, {'success': True}
84754107, 200, {'success': True}
84754108, 200, {'success': True}
84754109, 200, {'success': True}
84754110, 200, {'success': True}
84754112, 200, {'success': True}
84754113, 200, {'success': True}
84754114, 200, {'success': True}
84754116, 200, {'success': True}
84754117, 200, {'success': True}
84754118, 200, {'success': True}
84754119, 200, {'success': True}
84754120, 200, {'success': True}
84754121, 200, {'success': True}
84754123, 200, {'success': True}
84754126, 200, {'success': True}
84754130, 200, {'success': True}
84754131, 200, {'success': True}
84754132, 200, {'success': True}
84754136, 200, {'success': True}
84754137, 200, {'success': True}
84754138, 200, {'success': True}
84754140, 200, {'success': True}
84754141, 200, {'success': True}
84754143, 200, {'success': True}
84754144, 200, {'success': True}
84754145, 200, {'success': True}
84754146, 200, {'success': True}
84754150, 200, {'success': True}
84754151, 200, {'success': True}
84754152, 200, {'success': True}
84754153, 200, {'success': True}
84754154, 200, {'success': True}
84754155, 200, {'success': True}
84754158, 200, {'success': True}
84754160, 200, {'success': True}
84754161, 200, {'success': True}
84754162, 200, {'success': True}
84754163, 200, {'success': True}
84754165, 200, {'success': True}
84754166, 200, {'success': True}
84754169, 200, {'success': True}
84754170, 200, {'success': True}
84754171, 200, {'success': True}
84754174, 200, {'success': True}
84754175, 200, {'success': True}
84754176, 200, {'success': True}
84754177, 200, {'success': True}
84754179, 200, {'success': True}
84754181, 200, {'success': True}
84978077, 200, {'success': True}
84754182, 200, {'success': True}
84754183, 200, {'success': True}
84754185, 200, {'success': True}
84754186, 200, {'success': True}
84754187, 200, {'success': True}
84754188, 200, {'success': True}
84754189, 200, {'success': True}
84754191, 200, {'success': True}
84754192, 200, {'success': True}
84754200, 200, {'success': True}
84754202, 200, {'success': True}
84754206, 200, {'success': True}
84754207, 200, {'success': True}
84754210, 200, {'success': True}
84754214, 200, {'success': True}
84754221, 200, {'success': True}
84754226, 200, {'success': True}
84754236, 200, {'success': True}
84754242, 200, {'success': True}
84754246, 200, {'success': True}
84754249, 200, {'success': True}
84754252, 200, {'success': True}
84754254, 200, {'success': True}
84754256, 200, {'success': True}
84754257, 200, {'success': True}
84754259, 200, {'success': True}
84754260, 200, {'success': True}
84754262, 200, {'success': True}
84754263, 200, {'success': True}
84754264, 200, {'success': True}
84754266, 200, {'success': True}
84754267, 200, {'success': True}
84754268, 200, {'success': True}
84754269, 200, {'success': True}
84754271, 200, {'success': True}
84754273, 200, {'success': True}
84754276, 200, {'success': True}
84754278, 200, {'success': True}
84754279, 200, {'success': True}
84754280, 200, {'success': True}
84754281, 200, {'success': True}
84754285, 200, {'success': True}
84978078, 200, {'success': True}
84754287, 200, {'success': True}
84754288, 200, {'success': True}
84754290, 200, {'success': True}
84754291, 200, {'success': True}
84754294, 200, {'success': True}
84754295, 200, {'success': True}
84754296, 200, {'success': True}
84754297, 200, {'success': True}
84754298, 200, {'success': True}
84754300, 200, {'success': True}
84754302, 200, {'success': True}
84754303, 200, {'success': True}
84754305, 200, {'success': True}
84754306, 200, {'success': True}
84754309, 200, {'success': True}
84754313, 200, {'success': True}
84754314, 200, {'success': True}
84754315, 200, {'success': True}
84754318, 200, {'success': True}
84754319, 200, {'success': True}
84754320, 200, {'success': True}
84754321, 200, {'success': True}
84754324, 200, {'success': True}
84754325, 200, {'success': True}
84754326, 200, {'success': True}
84754327, 200, {'success': True}
84754328, 200, {'success': True}
84754329, 200, {'success': True}
84754331, 200, {'success': True}
84754332, 200, {'success': True}
84754333, 200, {'success': True}
84754334, 200, {'success': True}
84754335, 200, {'success': True}
84754336, 200, {'success': True}
84754337, 200, {'success': True}
84754338, 200, {'success': True}
84754339, 200, {'success': True}
84811184, 200, {'success': True}
84754340, 200, {'success': True}
84754341, 200, {'success': True}
84754342, 200, {'success': True}
84754343, 200, {'success': True}
84754344, 200, {'success': True}
84754345, 200, {'success': True}
84754346, 200, {'success': True}
84754347, 200, {'success': True}
84754348, 200, {'success': True}
84754349, 200, {'success': True}
84754351, 200, {'success': True}
84754352, 200, {'success': True}
84754353, 200, {'success': True}
84754354, 200, {'success': True}
84754355, 200, {'success': True}
84754356, 200, {'success': True}
84754358, 200, {'success': True}
84754359, 200, {'success': True}
84754361, 200, {'success': True}
84754363, 200, {'success': True}
84754364, 200, {'success': True}
84754365, 200, {'success': True}
84811186, 200, {'success': True}
84754366, 200, {'success': True}
84811187, 200, {'success': True}
84754368, 200, {'success': True}
84754369, 200, {'success': True}
84754370, 200, {'success': True}
84754371, 200, {'success': True}
84754372, 200, {'success': True}
84754373, 200, {'success': True}
84754375, 200, {'success': True}
84754377, 200, {'success': True}
84754378, 200, {'success': True}
84754380, 200, {'success': True}
84754381, 200, {'success': True}
84754382, 200, {'success': True}
84754383, 200, {'success': True}
84754384, 200, {'success': True}
84754385, 200, {'success': True}
84754387, 200, {'success': True}
84754388, 200, {'success': True}
84754389, 200, {'success': True}
84811189, 200, {'success': True}
84754394, 200, {'success': True}
84754402, 200, {'success': True}
84754406, 200, {'success': True}
84754407, 200, {'success': True}
84754408, 200, {'success': True}
84978081, 200, {'success': True}
84754409, 200, {'success': True}
84754410, 200, {'success': True}
84754412, 200, {'success': True}
84754414, 200, {'success': True}
84754415, 200, {'success': True}
84754417, 200, {'success': True}
84754418, 200, {'success': True}
84754419, 200, {'success': True}
84754420, 200, {'success': True}
84754421, 200, {'success': True}
84754422, 200, {'success': True}
84754424, 200, {'success': True}
84754427, 200, {'success': True}
84754428, 200, {'success': True}
84754429, 200, {'success': True}
84754430, 200, {'success': True}
84754431, 200, {'success': True}
84754432, 200, {'success': True}
84754433, 200, {'success': True}
84754434, 200, {'success': True}
84978083, 200, {'success': True}
84754435, 200, {'success': True}
84754437, 200, {'success': True}
84754438, 200, {'success': True}
84754439, 200, {'success': True}
84754440, 200, {'success': True}
84754441, 200, {'success': True}
84754442, 200, {'success': True}
84754446, 200, {'success': True}
84754447, 200, {'success': True}
84754448, 200, {'success': True}
84754449, 200, {'success': True}
84754450, 200, {'success': True}
84754451, 200, {'success': True}
84754452, 200, {'success': True}
84754456, 200, {'success': True}
84754458, 200, {'success': True}
84754459, 200, {'success': True}
84754461, 200, {'success': True}
84754462, 200, {'success': True}
84754463, 200, {'success': True}
84754465, 200, {'success': True}
84754466, 200, {'success': True}
84754467, 200, {'success': True}
84754471, 200, {'success': True}
84754472, 200, {'success': True}
84754473, 200, {'success': True}
84754474, 200, {'success': True}
84754475, 200, {'success': True}
84754476, 200, {'success': True}
84754477, 200, {'success': True}
84754481, 200, {'success': True}
84754482, 200, {'success': True}
84754484, 200, {'success': True}
84754485, 200, {'success': True}
84754486, 200, {'success': True}
84754487, 200, {'success': True}
84754488, 200, {'success': True}
84754489, 200, {'success': True}
84754491, 200, {'success': True}
84754492, 200, {'success': True}
84754493, 200, {'success': True}
84754494, 200, {'success': True}
84754495, 200, {'success': True}
84754496, 200, {'success': True}
84754497, 200, {'success': True}
84754498, 200, {'success': True}
84754499, 200, {'success': True}
84754500, 200, {'success': True}
84754501, 200, {'success': True}
84754502, 200, {'success': True}
84754503, 200, {'success': True}
84754504, 200, {'success': True}
84754505, 200, {'success': True}
84754506, 200, {'success': True}
84754507, 200, {'success': True}
84754508, 200, {'success': True}
84754509, 200, {'success': True}
84754511, 200, {'success': True}
84754513, 200, {'success': True}
84754515, 200, {'success': True}
84754516, 200, {'success': True}
84754517, 200, {'success': True}
84754518, 200, {'success': True}
84754519, 200, {'success': True}
84978089, 200, {'success': True}
84754521, 200, {'success': True}
84754522, 200, {'success': True}
84754524, 200, {'success': True}
84754525, 200, {'success': True}
84754526, 200, {'success': True}
84754527, 200, {'success': True}
84754529, 200, {'success': True}
84754530, 200, {'success': True}
84754531, 200, {'success': True}
84754532, 200, {'success': True}
84754534, 200, {'success': True}
84754535, 200, {'success': True}
84754536, 200, {'success': True}
84754537, 200, {'success': True}
84754540, 200, {'success': True}
84754541, 200, {'success': True}
84754542, 200, {'success': True}
84754543, 200, {'success': True}
84754545, 200, {'success': True}
84754546, 200, {'success': True}
84754547, 200, {'success': True}
84754548, 200, {'success': True}
84754549, 200, {'success': True}
84754550, 200, {'success': True}
84754551, 200, {'success': True}
84754553, 200, {'success': True}
84754556, 200, {'success': True}
84754559, 200, {'success': True}
84754560, 200, {'success': True}
84811205, 200, {'success': True}
84754561, 200, {'success': True}
84754562, 200, {'success': True}
84754563, 200, {'success': True}
84754564, 200, {'success': True}
84754566, 200, {'success': True}
84754567, 200, {'success': True}
84754568, 200, {'success': True}
84754569, 200, {'success': True}
84754570, 200, {'success': True}
84754571, 200, {'success': True}
84754572, 200, {'success': True}
84754573, 200, {'success': True}
84754574, 200, {'success': True}
84811208, 200, {'success': True}
84754575, 200, {'success': True}
84754576, 200, {'success': True}
84754577, 200, {'success': True}
84754578, 200, {'success': True}
84754579, 200, {'success': True}
84754581, 200, {'success': True}
84754583, 200, {'success': True}
84754584, 200, {'success': True}
84754585, 200, {'success': True}
84811211, 200, {'success': True}
84754586, 200, {'success': True}
84754587, 200, {'success': True}
84754588, 200, {'success': True}
84754589, 200, {'success': True}
84754590, 200, {'success': True}
84754591, 200, {'success': True}
84811214, 200, {'success': True}
84754592, 200, {'success': True}
84754593, 200, {'success': True}
84754594, 200, {'success': True}
84754595, 200, {'success': True}
84978092, 200, {'success': True}
84811215, 200, {'success': True}
84754597, 200, {'success': True}
84754599, 200, {'success': True}
84754601, 200, {'success': True}
84754602, 200, {'success': True}
84754603, 200, {'success': True}
84754605, 200, {'success': True}
84754606, 200, {'success': True}
84754607, 200, {'success': True}
84754608, 200, {'success': True}
84754609, 200, {'success': True}
84811216, 200, {'success': True}
84754610, 200, {'success': True}
84754611, 200, {'success': True}
84754612, 200, {'success': True}
84754613, 200, {'success': True}
84754614, 200, {'success': True}
84978093, 200, {'success': True}
84754616, 200, {'success': True}
84754618, 200, {'success': True}
84754619, 200, {'success': True}
84754621, 200, {'success': True}
84754623, 200, {'success': True}
84754624, 200, {'success': True}
84754625, 200, {'success': True}
84754626, 200, {'success': True}
84754628, 200, {'success': True}
84754629, 200, {'success': True}
84754632, 200, {'success': True}
84754633, 200, {'success': True}
84754634, 200, {'success': True}
84754635, 200, {'success': True}
84754636, 200, {'success': True}
84754637, 200, {'success': True}
84754638, 200, {'success': True}
84754639, 200, {'success': True}
84754640, 200, {'success': True}
84754641, 200, {'success': True}
84754642, 200, {'success': True}
84754644, 200, {'success': True}
84754646, 200, {'success': True}
84754647, 200, {'success': True}
84754648, 200, {'success': True}
84754649, 200, {'success': True}
84754651, 200, {'success': True}
84754653, 200, {'success': True}
84754657, 200, {'success': True}
84811219, 200, {'success': True}
84754659, 200, {'success': True}
84754660, 200, {'success': True}
84754661, 200, {'success': True}
84754662, 200, {'success': True}
84754663, 200, {'success': True}
84754664, 200, {'success': True}
84978096, 200, {'success': True}
84754665, 200, {'success': True}
84754666, 200, {'success': True}
84754667, 200, {'success': True}
84754668, 200, {'success': True}
84978097, 200, {'success': True}
84754669, 200, {'success': True}
84754670, 200, {'success': True}
84754672, 200, {'success': True}
84754673, 200, {'success': True}
84754674, 200, {'success': True}
84754675, 200, {'success': True}
84754676, 200, {'success': True}
84754677, 200, {'success': True}
84754678, 200, {'success': True}
84754679, 200, {'success': True}
84754680, 200, {'success': True}
84754681, 200, {'success': True}
84754684, 200, {'success': True}
84754686, 200, {'success': True}
84978515, 200, {'success': True}
84754687, 200, {'success': True}
84754688, 200, {'success': True}
84754689, 200, {'success': True}
84754690, 200, {'success': True}
84754691, 200, {'success': True}
84754692, 200, {'success': True}
84754693, 200, {'success': True}
84754695, 200, {'success': True}
84754696, 200, {'success': True}
84811220, 200, {'success': True}
84978098, 200, {'success': True}
84978099, 200, {'success': True}
84754697, 200, {'success': True}
84754699, 200, {'success': True}
84754701, 200, {'success': True}
84754702, 200, {'success': True}
84754703, 200, {'success': True}
84754704, 200, {'success': True}
84754706, 200, {'success': True}
84754708, 200, {'success': True}
84754710, 200, {'success': True}
84754711, 200, {'success': True}
84754712, 200, {'success': True}
84811221, 200, {'success': True}
84754715, 200, {'success': True}
84754716, 200, {'success': True}
84754717, 200, {'success': True}
84978100, 200, {'success': True}
84754718, 200, {'success': True}
84811222, 200, {'success': True}
84754719, 200, {'success': True}
84754721, 200, {'success': True}
84754723, 200, {'success': True}
84754724, 200, {'success': True}
84754725, 200, {'success': True}
84754726, 200, {'success': True}
84754727, 200, {'success': True}
84754728, 200, {'success': True}
84754729, 200, {'success': True}
84754730, 200, {'success': True}
84754731, 200, {'success': True}
84754732, 200, {'success': True}
84754733, 200, {'success': True}
84754734, 200, {'success': True}
84754735, 200, {'success': True}
84754736, 200, {'success': True}
84754737, 200, {'success': True}
84754739, 200, {'success': True}
84811223, 200, {'success': True}
84754740, 200, {'success': True}
84754741, 200, {'success': True}
84754742, 200, {'success': True}
84754743, 200, {'success': True}
84754744, 200, {'success': True}
84754745, 200, {'success': True}
84754746, 200, {'success': True}
84754749, 200, {'success': True}
84754750, 200, {'success': True}
84811225, 200, {'success': True}
84754751, 200, {'success': True}
84754752, 200, {'success': True}
84754753, 200, {'success': True}
84754756, 200, {'success': True}
84754758, 200, {'success': True}
84754759, 200, {'success': True}
84754760, 200, {'success': True}
84754761, 200, {'success': True}
84978104, 200, {'success': True}
84754763, 200, {'success': True}
84754764, 200, {'success': True}
84754766, 200, {'success': True}
84978105, 200, {'success': True}
84754767, 200, {'success': True}
84754768, 200, {'success': True}
84754770, 200, {'success': True}
84754771, 200, {'success': True}
84754772, 200, {'success': True}
84754773, 200, {'success': True}
84754774, 200, {'success': True}
84978106, 200, {'success': True}
84754775, 200, {'success': True}
84754776, 200, {'success': True}
84754777, 200, {'success': True}
84754778, 200, {'success': True}
84754780, 200, {'success': True}
84754781, 200, {'success': True}
84754783, 200, {'success': True}
84811230, 200, {'success': True}
84811232, 200, {'success': True}
84754784, 200, {'success': True}
84754786, 200, {'success': True}
84754787, 200, {'success': True}
84754788, 200, {'success': True}
84754790, 200, {'success': True}
84978108, 200, {'success': True}
84978110, 200, {'success': True}
84754791, 200, {'success': True}
84754792, 200, {'success': True}
84754793, 200, {'success': True}
84978111, 200, {'success': True}
84754794, 200, {'success': True}
84754795, 200, {'success': True}
84978114, 200, {'success': True}
84754796, 200, {'success': True}
84754797, 200, {'success': True}
84811233, 200, {'success': True}
84978115, 200, {'success': True}
84754798, 200, {'success': True}
84754800, 200, {'success': True}
84754801, 200, {'success': True}
84754802, 200, {'success': True}
84754804, 200, {'success': True}
84754805, 200, {'success': True}
84754806, 200, {'success': True}
84754807, 200, {'success': True}
84754808, 200, {'success': True}
84811235, 200, {'success': True}
84754809, 200, {'success': True}
84754810, 200, {'success': True}
84754811, 200, {'success': True}
84754812, 200, {'success': True}
84754813, 200, {'success': True}
84754814, 200, {'success': True}
84978117, 200, {'success': True}
84754816, 200, {'success': True}
84811236, 200, {'success': True}
84754817, 200, {'success': True}
84754818, 200, {'success': True}
84754819, 200, {'success': True}
84754820, 200, {'success': True}
84754822, 200, {'success': True}
84754824, 200, {'success': True}
84754825, 200, {'success': True}
84754827, 200, {'success': True}
84754829, 200, {'success': True}
84754830, 200, {'success': True}
84754832, 200, {'success': True}
84754833, 200, {'success': True}
84754834, 200, {'success': True}
84754836, 200, {'success': True}
84754837, 200, {'success': True}
84754838, 200, {'success': True}
84754839, 200, {'success': True}
84754840, 200, {'success': True}
84754841, 200, {'success': True}
84754842, 200, {'success': True}
84978118, 200, {'success': True}
84978119, 200, {'success': True}
84754843, 200, {'success': True}
84754844, 200, {'success': True}
84754845, 200, {'success': True}
84811238, 200, {'success': True}
84754847, 200, {'success': True}
84978120, 200, {'success': True}
84754848, 200, {'success': True}
84754849, 200, {'success': True}
84811239, 200, {'success': True}
84754850, 200, {'success': True}
84978121, 200, {'success': True}
84754851, 200, {'success': True}
84754852, 200, {'success': True}
84754853, 200, {'success': True}
84754854, 200, {'success': True}
84754855, 200, {'success': True}
84754856, 200, {'success': True}
84811240, 200, {'success': True}
84754857, 200, {'success': True}
84978122, 200, {'success': True}
84754858, 200, {'success': True}
84754859, 200, {'success': True}
84754860, 200, {'success': True}
84978123, 200, {'success': True}
84754861, 200, {'success': True}
84811242, 200, {'success': True}
84754862, 200, {'success': True}
84811244, 200, {'success': True}
84754863, 200, {'success': True}
84754864, 200, {'success': True}
84754865, 200, {'success': True}
84754866, 200, {'success': True}
84978126, 200, {'success': True}
84978127, 200, {'success': True}
84754867, 200, {'success': True}
84754868, 200, {'success': True}
84754869, 200, {'success': True}
84978131, 200, {'success': True}
84811249, 200, {'success': True}
84754894, 200, {'success': True}
84754895, 200, {'success': True}
84754897, 200, {'success': True}
84754900, 200, {'success': True}
84754901, 200, {'success': True}
84754903, 200, {'success': True}
84754905, 200, {'success': True}
84754906, 200, {'success': True}
84754907, 200, {'success': True}
84811250, 200, {'success': True}
84978146, 200, {'success': True}
84754909, 200, {'success': True}
84754910, 200, {'success': True}
84754911, 200, {'success': True}
84754912, 200, {'success': True}
84754913, 200, {'success': True}
84754914, 200, {'success': True}
84754916, 200, {'success': True}
84754917, 200, {'success': True}
84811251, 200, {'success': True}
84754919, 200, {'success': True}
84754922, 200, {'success': True}
84754923, 200, {'success': True}
84754927, 200, {'success': True}
84754928, 200, {'success': True}
84754929, 200, {'success': True}
84754931, 200, {'success': True}
84754933, 200, {'success': True}
84754936, 200, {'success': True}
84754937, 200, {'success': True}
84754938, 200, {'success': True}
84754940, 200, {'success': True}
84754941, 200, {'success': True}
84754942, 200, {'success': True}
84754943, 200, {'success': True}
84754944, 200, {'success': True}
84754945, 200, {'success': True}
84754946, 200, {'success': True}
84754948, 200, {'success': True}
84754950, 200, {'success': True}
84754951, 200, {'success': True}
84754953, 200, {'success': True}
84754954, 200, {'success': True}
84754957, 200, {'success': True}
84754959, 200, {'success': True}
84754960, 200, {'success': True}
84754962, 200, {'success': True}
84978147, 200, {'success': True}
84978148, 200, {'success': True}
84978149, 200, {'success': True}
84978150, 200, {'success': True}
84978151, 200, {'success': True}
84978152, 200, {'success': True}
84978153, 200, {'success': True}
84978154, 200, {'success': True}
84755257, 200, {'success': True}
84978155, 200, {'success': True}
84978517, 200, {'success': True}
84978156, 200, {'success': True}
84978157, 200, {'success': True}
84755258, 200, {'success': True}
84755259, 200, {'success': True}
84978158, 200, {'success': True}
84978161, 200, {'success': True}
84755261, 200, {'success': True}
84978162, 200, {'success': True}
84755262, 200, {'success': True}
84978163, 200, {'success': True}
84978164, 200, {'success': True}
84755264, 200, {'success': True}
84978166, 200, {'success': True}
84978167, 200, {'success': True}
84755265, 200, {'success': True}
84755266, 200, {'success': True}
84978168, 200, {'success': True}
84978518, 200, {'success': True}
84755267, 200, {'success': True}
84978169, 200, {'success': True}
84978170, 200, {'success': True}
84755268, 200, {'success': True}
84978171, 200, {'success': True}
84978172, 200, {'success': True}
84978173, 200, {'success': True}
84978174, 200, {'success': True}
84755270, 200, {'success': True}
84755271, 200, {'success': True}
84978175, 200, {'success': True}
84978177, 200, {'success': True}
84755273, 200, {'success': True}
84755275, 200, {'success': True}
84978178, 200, {'success': True}
84755276, 200, {'success': True}
84811279, 200, {'success': True}
84755277, 200, {'success': True}
84978179, 200, {'success': True}
84755278, 200, {'success': True}
84755279, 200, {'success': True}
84978180, 200, {'success': True}
84755281, 200, {'success': True}
84978181, 200, {'success': True}
84978182, 200, {'success': True}
84755282, 200, {'success': True}
84755283, 200, {'success': True}
84978183, 200, {'success': True}
84755285, 200, {'success': True}
84978184, 200, {'success': True}
84755288, 200, {'success': True}
84978185, 200, {'success': True}
84755289, 200, {'success': True}
84978186, 200, {'success': True}
84978187, 200, {'success': True}
84755290, 200, {'success': True}
84978188, 200, {'success': True}
84978189, 200, {'success': True}
84978191, 200, {'success': True}
84755293, 200, {'success': True}
84978192, 200, {'success': True}
84978193, 200, {'success': True}
84755296, 200, {'success': True}
84978194, 200, {'success': True}
78329903, 200, {'success': True}
84978195, 200, {'success': True}
84755297, 200, {'success': True}
84978196, 200, {'success': True}
84755298, 200, {'success': True}
78330196, 200, {'success': True}
84755299, 200, {'success': True}
84755300, 200, {'success': True}
84755301, 200, {'success': True}
78362993, 200, {'success': True}
84755302, 200, {'success': True}
84978197, 200, {'success': True}
84755303, 200, {'success': True}
84978198, 200, {'success': True}
84978199, 200, {'success': True}
84755304, 200, {'success': True}
78363011, 200, {'success': True}
84811282, 200, {'success': True}
84811283, 200, {'success': True}
84811287, 200, {'success': True}
84978519, 200, {'success': True}
84811289, 200, {'success': True}
84755307, 200, {'success': True}
84811290, 200, {'success': True}
84811292, 200, {'success': True}
84811293, 200, {'success': True}
84755308, 200, {'success': True}
84755310, 200, {'success': True}
84978520, 200, {'success': True}
84811294, 200, {'success': True}
84811295, 200, {'success': True}
84811296, 200, {'success': True}
78363329, 200, {'success': True}
84811297, 200, {'success': True}
78363000, 200, {'success': True}
84811298, 200, {'success': True}
84811299, 200, {'success': True}
84978521, 200, {'success': True}
84811300, 200, {'success': True}

Number of successful person removed: 796